,Id
0,3018544
1,3931920
2,3090270
3,3453783
4,28556049
5,3080985
6,2445630
7,3802198
8,17246411
9,2840340
10,3151490
11,3135147
12,3147977
13,2832736
14,3139459
15,3136052
16,3149250
17,2545420
18,2512333
19,2494255
20,2540958
21,2568636
22,2470641
23,2495204
24,2503417
25,2498460
26,2501662
27,2536143
28,2516795
29,2495976
30,2577728
31,2502506
32,2538432
33,2516726
34,24232537
35,2499561
36,2591315
37,2109553
38,2088725
39,2105454
40,2112549
41,2158161
42,2121601
43,2120044
44,1702382
45,2122520
46,2164907
47,2123028
48,1972197
49,2121594
50,2124279
51,2120058
52,2340808
53,1963576
54,1778468
55,1935684
56,1907376
57,1908398
58,1783293
59,1906450
60,1677215
61,1717937
62,1908838
63,1651169
64,1803821
65,1920536
66,1772395
67,2002845
68,1665994
69,2062310
70,1900568
71,1716737
72,1684918
73,1766365
74,2029970
75,1946370
76,1605861
77,28305830
78,1556745
79,1459425
80,1304425
81,1499286
82,1427062
83,1346973
84,1396697
85,1483381
86,1628820
87,1375328
88,1359540
89,1397284
90,1584017
91,1342922
92,1417679
93,1521800
94,1616481
95,1347046
96,8076519
97,8264539
98,8436277
99,8490212
100,8101776
101,8111973
102,8187645
103,7916731
104,8246990
105,8343140
106,8331341
107,8049482
108,8149809
109,8049468
110,8353518
111,8270202
112,8458329
113,8097886
114,8076521
115,8096642
116,8479913
117,8277231
118,8257792
119,8467811
120,8458320
121,7935465
122,7917331
123,7813908
124,7958961
125,7728498
126,7857671
127,7929201
128,8026739
129,8021646
130,8026635
131,7774291
132,8121800
133,7814262
134,7513971
135,7959011
136,7828841
137,8020957
138,7958850
139,8189754
140,8150283
141,8125190
142,8041710
143,8001966
144,7915818
145,7989033
146,7527283
147,7596407
148,8904317
149,7759292
150,7588073
151,7565607
152,7587584
153,7744269
154,8547579
155,8536976
156,7867062
157,8775440
158,7667302
159,7740534
160,7862158
161,8544833
162,7621816
163,8589428
164,7720588
165,7897279
166,7778189
167,7720578
168,8543179
169,7630897
170,7672573
171,7600995
172,7795660
173,7890163
174,7759285
175,7501439
176,7713430
177,8537453
178,8692200
179,8876205
180,8913769
181,8653587
182,8878686
183,8977875
184,8725236
185,9021871
186,8873754
187,8687406
188,8948575
189,8794042
190,8901136
191,8637600
192,8776866
193,8681785
194,8735926
195,8885717
196,8738750
197,9160985
198,9153300
199,9286677
200,9183014
201,9439569
202,9264025
203,9304093
204,9680295
205,9299558
206,9016706
207,9055824
208,9326658
209,9150426
210,9021132
211,28568793
212,9215645
213,9417919
214,9409836
215,9276982
216,9383061
217,9278718
218,9342343
219,9056708
220,9128739
221,9396021
222,9168130
223,9570778
224,9483569
225,9725842
226,9656483
227,9600058
228,9691044
229,9672203
230,9885560
231,9733574
232,9778506
233,9552168
234,9437017
235,9949700
236,9819395
237,9613571
238,9724650
239,9463384
240,9699913
241,9649531
242,9735336
243,9435283
244,9556579
245,10024878
246,10357938
247,10650839
248,10504337
249,10529438
250,10220397
251,10528405
252,10558874
253,10449756
254,10368432
255,10098605
256,10411904
257,9927172
258,10088546
259,10410908
260,10220418
261,10414305
262,10614818
263,10072784
264,10597311
265,10498686
266,10493949
267,9914417
268,10320221
269,10398845
270,10634970
271,10445043
272,11543046
273,10506548
274,10327242
275,10655220
276,11017174
277,11124878
278,11044666
279,10762404
280,11294610
281,10636911
282,10656681
283,10774723
284,10769223
285,10970878
286,12770234
287,10898790
288,11084629
289,10823947
290,10940636
291,10903512
292,10649294
293,11253650
294,10677345
295,10781054
296,11087923
297,11063692
298,10838693
299,10633092
300,10835396
301,10929197
302,10995474
303,10594020
304,10929001
305,10802537
306,10698168
307,10637305
308,11103953
309,11114385
310,10960787
311,11385299
312,11335116
313,11420366
314,11472632
315,11525061
316,11292378
317,11749055
318,11240639
319,11567138
320,11731453
321,11267835
322,11483621
323,11306070
324,11361025
325,11761104
326,11402038
327,11784037
328,11527383
329,11420357
330,11564724
331,11278722
332,11061565
333,11796729
334,12020836
335,11814637
336,11842100
337,12220660
338,12442900
339,12202754
340,12052870
341,12151603
342,12426388
343,11960715
344,12354132
345,11904407
346,12084064
347,12073044
348,12234926
349,18265309
350,12128210
351,12080094
352,12370414
353,12214599
354,12027957
355,12194989
356,12477386
357,12296827
358,12370331
359,12467244
360,11961101
361,11815248
362,12073552
363,11834308
364,14516676
365,12832830
366,14579366
367,12939619
368,14522246
369,12584239
370,12871912
371,12948442
372,12808087
373,12644713
374,14636555
375,12699617
376,12941179
377,12590131
378,12859680
379,14750951
380,12620980
381,12558500
382,14709168
383,12706899
384,14602080
385,14550530
386,12670308
387,12674500
388,12466197
389,14506290
390,12807778
391,12593986
392,12846841
393,14677427
394,12530966
395,12586706
396,15312786
397,14645235
398,15088646
399,15480439
400,15383905
401,15187258
402,15350618
403,15467749
404,15537686
405,15473904
406,15210204
407,15521821
408,15238222
409,14973280
410,14745823
411,15140198
412,15124224
413,15004693
414,15516968
415,15112234
416,14607835
417,15082782
418,15172684
419,15084291
420,14657270
421,15330255
422,15559158
423,15531107
424,15678745
425,14724274
426,15013754
427,15059825
428,16357214
429,15640442
430,15572069
431,16158290
432,15647470
433,15687273
434,15717925
435,16276413
436,15886106
437,16270160
438,15865418
439,15746013
440,15680507
441,16222542
442,15687284
443,16122429
444,15937221
445,16256745
446,15985411
447,15593374
448,15800004
449,16140983
450,15371364
451,15699330
452,15576405
453,16145933
454,16093669
455,16315105
456,15829619
457,16271526
458,16364909
459,15888532
460,16200348
461,15751025
462,16334320
463,16275038
464,15928044
465,15664627
466,15711536
467,15882586
468,16257210
469,16720877
470,17052232
471,16533947
472,16892059
473,16434879
474,16878134
475,16845387
476,16352570
477,18850202
478,16887822
479,16319114
480,16961591
481,16982729
482,16582901
483,16849607
484,16955503
485,16611817
486,16720876
487,16612888
488,17040394
489,17032737
490,16170365
491,17030876
492,16494957
493,16685466
494,16914514
495,17506643
496,17634136
497,17456438
498,17229923
499,17654713
500,17665681
501,18419311
502,17264075
503,17397804
504,18000552
505,17704509
506,17267182
507,17371844
508,17917872
509,17921161
510,17708419
511,17368199
512,17678856
513,17406678
514,17922008
515,17103025
516,17570393
517,17786482
518,17868668
519,17194707
520,17135194
521,17634588
522,17483480
523,17720900
524,17573852
525,17662944
526,17550941
527,17978004
528,17919907
529,17576797
530,17055475
531,17488712
532,17080025
533,17920010
534,18245325
535,18499458
536,18202383
537,18086708
538,18394755
539,24031166
540,18275947
541,18439299
542,18950546
543,18420029
544,18344972
545,18674913
546,18285699
547,18801438
548,18670136
549,18171682
550,18483552
551,19061634
552,18489569
553,18254864
554,18614576
555,18640976
556,18755833
557,18571155
558,19088193
559,18343483
560,18836024
561,18468945
562,19003174
563,18268102
564,18634898
565,19404440
566,18651659
567,18599508
568,18245358
569,18320260
570,18555774
571,21614142
572,19855024
573,19182541
574,19225159
575,19405475
576,19634056
577,19464954
578,18038268
579,19182539
580,19366732
581,19700766
582,19244537
583,19049982
584,19954522
585,20003420
586,19720829
587,19578407
588,19720121
589,19343063
590,19422043
591,20092579
592,19226464
593,19348653
594,18643775
595,19794910
596,19446357
597,19824400
598,19546244
599,19245551
600,19289090
601,19472188
602,19506309
603,20795329
604,20346755
605,20647504
606,20924039
607,20147286
608,21033376
609,20504953
610,20501590
611,20147437
612,20112345
613,20971433
614,20724446
615,19966787
616,20147626
617,20632030
618,20919559
619,20659018
620,20667917
621,20659325
622,20061394
623,20885817
624,20300206
625,20673829
626,20675387
627,20457148
628,20847082
629,20472684
630,20543987
631,20149023
632,20498297
633,20505124
634,20041639
635,20002580
636,20691679
637,20080168
638,20471489
639,20565233
640,20403463
641,20230756
642,20486901
643,22046460
644,21900263
645,21172826
646,21457782
647,21696478
648,21924272
649,21093456
650,22545242
651,21075135
652,21917173
653,21394512
654,21298005
655,21346796
656,22023580
657,21998598
658,21963539
659,21146517
660,21173029
661,21551218
662,20951206
663,20875466
664,21135075
665,21283588
666,22180703
667,21685081
668,22035864
669,21525254
670,21431733
671,21228205
672,22069480
673,20940030
674,21208439
675,22688916
676,21810173
677,22174084
678,23097047
679,22674991
680,22438501
681,22689966
682,22367874
683,22314254
684,22493562
685,22808315
686,22367217
687,22608020
688,23136438
689,22888468
690,22855526
691,23427921
692,22670479
693,23058800
694,23223368
695,22215808
696,22312588
697,22510986
698,22940452
699,22992458
700,23152720
701,22567397
702,22863366
703,21945578
704,23301185
705,22079894
706,22177905
707,22437826
708,22293958
709,23070566
710,22451943
711,22929773
712,22303000
713,22808174
714,22929013
715,24068821
716,24159420
717,23696853
718,24243774
719,23416132
720,23590196
721,23735637
722,24069400
723,23280433
724,24450191
725,23652443
726,23321709
727,24121526
728,23734028
729,23405271
730,24046729
731,23788431
732,24290763
733,23197370
734,24265594
735,23624513
736,24100521
737,25509107
738,23572111
739,23836429
740,25483248
741,25421701
742,25057436
743,25775840
744,24723222
745,25146311
746,24259430
747,24616500
748,25085991
749,24685392
750,24643257
751,25365996
752,24385504
753,24920013
754,24274471
755,25063458
756,24991960
757,24676055
758,26484147
759,24390349
760,25470021
761,24805809
762,25189233
763,24737859
764,24613310
765,24521780
766,24762628
767,24316411
768,24770636
769,25151157
770,25044168
771,25158796
772,25375180
773,25211076
774,24917448
775,25282149
776,25556898
777,25755098
778,26289428
779,26318740
780,25520361
781,26106310
782,26633813
783,25887538
784,25517091
785,25431077
786,26061715
787,26269578
788,25793377
789,26323763
790,26344548
791,25903460
792,27293683
793,25852200
794,25923661
795,26310914
796,25449546
797,26696856
798,25491327
799,25930997
800,25672900
801,26023088
802,26650355
803,25742603
804,26199285
805,26528147
806,26497083
807,25960390
808,26178786
809,26041931
810,25954029
811,26865025
812,27017624
813,25259623
814,27058168
815,26713420
816,27335421
817,27853896
818,26877209
819,26613610
820,26986720
821,27282023
822,27231014
823,27725473
824,27355522
825,27035832
826,27249162
827,26427709
828,26512069
829,28950082
830,28193893
831,28405407
832,28251865
833,28559322
834,28847529
835,29016615
836,28620087
837,29297349
838,28877471
839,28778878
840,27113998
841,28910411
842,28414802
843,29268741
844,28554773
845,27061856
846,28754838
847,28076349
848,29093334
849,28346461
850,28889015
851,29949723
852,29514083
853,29995860
854,29652933
855,29627353
856,29603298
857,29904977
858,29764959
859,29531709
860,29410178
861,30530664
862,30340044
863,30091705
864,29079470
865,30180162
866,30408436
867,29032244
868,29548011
869,30513308
870,31134405
871,31763075
872,30958824
873,31789234
874,30992041
875,30948422
876,29236963
877,31636085
878,30892787
879,31095599
880,31629603
881,31577228
882,31278365
883,30672604
884,31505048
885,30971828
886,31379874
887,30858865
888,31057070
889,31843021
890,31920731
891,31500637
892,30902980
893,30910826
894,32397481
895,32513656
896,31529563
897,32754202
898,31624983
